LawID,SubLawID,CategoryNumber,MainCategory,SecondaryCategory,SubCategories,Datum,Date1,Date,Year,Month,Day,Archive
BER.01.001.0042,BER.01.001.0042.00130.0,1.3,Randgruppen,Fahrende Leute,Ausweisung; Differenzierung; Fremde; Einheimische,1530.11.30,,1530-11-30,1530,11,30,"StAB, A I 479, fol. 183v-184v"
BER.01.001.0042,BER.01.001.0042.00129.0,1.3,Randgruppen,Zigeuner,Festnahme; Aufenthalt; Verbot; Ausweisung; Diebstahl,1530.11.30,,1530-11-30,1530,11,30,"StAB, A I 479, fol. 183v-184v"
BER.01.001.0102,BER.01.001.0102.00248.0,1.3,Randgruppen,Fahrende Leute,Täufer; Festnahme,1566.05.27,,1566-05-27,1566,5,27,"StAB, A I 480, S. 95-100"
BER.01.001.0075,BER.01.001.0075.00202.0,1.3,Randgruppen,Fahrende Leute,Landstreicher,1566.07.08,,1566-07-08,1566,7,8,"StAB, A I 480, S. 5 f."
BER.01.001.0104,BER.01.001.0104.00251.0,1.3,Randgruppen,Fahrende Leute,Einreiseverbot; Festnahme; Grenzkontrolle; Landesverweisung; Paßkontrolle,1571.04.01,,1571-04-01,1571,4,1,"StAB, A I 480, S. 103 f."
BER.01.001.0105,BER.01.001.0105.00253.0,1.3,Randgruppen,Fahrende Leute,Einreiseverbot; Landesverweisung; Streifen; Überprüfung Fremder; Bettelverbot; Aufenthalt; Verbot; Bedingungen; Einschränkung; Differenzierung; Fremde; Einheimische; Unterstützung; Festnahme; Hausierer; Begleitpersonen; Grenzkontrolle,1571.04.25,,1571-04-25,1571,4,25,"StAB, A I 480, S. 105-115"
BER.01.001.0105,BER.01.001.0105.00255.0,1.3,Randgruppen,Zigeuner,Einreiseverbot; Grenzkontrolle; Festnahme; Aufenthalt; Verbot; Bedingungen; Einschränkung,1571.04.25,,1571-04-25,1571,4,25,"StAB, A I 480, S. 105-115"
BER.01.001.0109,BER.01.001.0109.00259.0,1.3,Randgruppen,Fahrende Leute,Paßkontrolle; Einreiseverbot; Festnahme; Streifen; Aufenthalt; Verbot; Bedingungen; Einschränkung; Krämer; Aussätzige,1571.04.25,,1571-04-25,1571,4,25,"StAB, A I 480, S. 125-128"
BER.01.001.0109,BER.01.001.0109.00259.1,1.3,Randgruppen,Zigeuner,Paßkontrolle; Einreiseverbot; Festnahme; Streifen; Aufenthalt; Verbot; Bedingungen; Einschränkung; Krämer; Aussätzige,1571.04.25,,1571-04-25,1571,4,25,"StAB, A I 480, S. 125-128"
BER.01.001.0133,BER.01.001.0133.00289.0,1.3,Randgruppen,Fahrende Leute,Differenzierung; Fremde; Einheimische; Landesverweisung; Festnahme,1572.01.02,,1572-01-02,1572,1,2,"StAB, A I 480, S. 183 f."
BER.01.001.0110,BER.01.001.0110.00260.0,1.3,Randgruppen,Fahrende Leute,Festnahme,1572.05.05,,1572-05-05,1572,5,5,"StAB, A I 480, S. 131"
BER.01.001.0111,BER.01.001.0111.00262.0,1.3,Randgruppen,Fahrende Leute,Festnahme; Paßkontrolle; Einreiseverbot; Aufenthalt; Verbot; Landesverweisung; Grenzkontrolle; Differenzierung; Fremde; Einheimische,1573.01.28,,1573-01-28,1573,1,28,"StAB, A I 480, S. 135 f."
BER.01.001.0112,BER.01.001.0112.00263.0,1.3,Randgruppen,Fahrende Leute,Festnahme; Einreiseverbot; Landesverweisung; Pässe; Paßkontrolle; Streifen,1573.01.28,,1573-01-28,1573,1,28,"StAB, A I 480, S. 132-134"
BER.01.001.0113,BER.01.001.0113.00266.0,1.3,Randgruppen,Fahrende Leute,Differenzierung; Fremde; Einheimische; Landesverweisung,1573.03.26,,1573-03-26,1573,3,26,"StAB, A I 480, S. 137 f."
BER.01.001.0242,BER.01.001.0242.00420.0,1.3,Randgruppen,Fahrende Leute,Krämer; Landesverweisung,1590.11.23,,1590-11-23,1590,11,23,"StAB, A I 480, S. 468"
BER.01.001.0260,BER.01.001.0260.00440.0,1.3,Randgruppen,Fahrende Leute,Prostituierte,1592.09.05,,1592-09-05,1592,9,5,"StAB, A I 480, S. 474-477"
BER.01.001.0268,BER.01.001.0268.00451.0,1.3,Randgruppen,Fahrende Leute,Differenzierung; Fremde; Einheimische; Festnahme; Landesverweisung; Spielleute; Gaukler,1593.04.07,,1593-04-07,1593,4,7,"StAB, A I 480, S. 502 f."
BER.01.001.0302,BER.01.001.0302.00497.0,1.3,Randgruppen,Fahrende Leute,Streifen; Festnahme; Differenzierung; Fremde; Einheimische; Landesverweisung; Aufenthalt; Verbot; Aussätzige; Überprüfung,1598.05.31,,1598-05-31,1598,5,31,"StAB, A I 480, S. 559-562"
BER.01.001.0302,BER.01.001.0302.00497.1,1.3,Randgruppen,Zigeuner,Streifen; Festnahme; Differenzierung; Fremde; Einheimische; Landesverweisung; Aufenthalt; Verbot; Aussätzige; Überprüfung,1598.05.31,,1598-05-31,1598,5,31,"StAB, A I 480, S. 559-562"
BER.01.001.0312,BER.01.001.0312.00507.0,1.3,Randgruppen,Fahrende Leute,Differenzierung; Fremde; Einheimische; Grenzkontrolle; Pässe; Landesverweisung,1599.07.02,,1599-07-02,1599,7,2,"StAB, A I 480, S. 596"
BER.01.001.0326,BER.01.001.0326.00531.0,1.3,Randgruppen,Fahrende Leute,Bettelverbot; Differenzierung; Fremde; Einheimische; Landesverweisung; Festnahme,1600.06.09,,1600-06-09,1600,6,9,"StAB, A I 481, S. 11"
BER.01.001.0340,BER.01.001.0340.00552.0,1.3,Randgruppen,Fahrende Leute,Einreiseverbot; Festnahme; Grenzkontrolle; Krämer; Landesverweisung; Aussätzige; Prostituierte; Überprüfung,1601.08.06,,1601-08-06,1601,8,6,"StAB, A I 481, S. 34 f."
BER.01.001.0340,BER.01.001.0340.00552.1,1.3,Randgruppen,Zigeuner,Einreiseverbot; Festnahme; Grenzkontrolle; Krämer; Landesverweisung; Aussätzige; Prostituierte; Überprüfung,1601.08.06,,1601-08-06,1601,8,6,"StAB, A I 481, S. 34 f."
BER.01.001.0347,BER.01.001.0347.00567.0,1.3,Randgruppen,Fahrende Leute,Bettelverbot; Differenzierung; Fremde; Einheimische; Landesverweisung; Krämer; Kesselflicker; Fristsetzung,1602.04.10,,1602-04-10,1602,4,10,"StAB, A I 481, S. 50 f."
BER.01.001.0374,BER.01.001.0374.00605.0,1.3,Randgruppen,Fahrende Leute,Hausierer; Krämer; Landesverweisung; Differenzierung; Fremde; Einheimische,1603.05.15,,1603-05-15,1603,5,15,"StAB, A I 481, S. 87"
BER.01.001.0370,BER.01.001.0370.00599.0,1.3,Randgruppen,Fahrende Leute,Bettler; Fahndung,1603.08.10,,1603-08-10,1603,8,10,"StAB, A I 481, S. 82"
BER.01.001.0381,BER.01.001.0381.00617.0,1.3,Randgruppen,Fahrende Leute,Differenzierung; Fremde; Einheimische; Durchzug; Festnahme,1603.12.12,,1603-12-12,1603,12,12,"StAB, A I 481, S. 96-98"
BER.01.001.0380,BER.01.001.0380.00614.0,1.3,Randgruppen,Fahrende Leute,Differenzierung; Fremde; Einheimische; Festnahme; Landesverweisung; Durchzug,1603.12.14,,1603-12-14,1603,12,14,"StAB, A I 481, S. 93-95"
BER.01.001.0395,BER.01.001.0395.00632.0,1.3,Randgruppen,Fahrende Leute,Bettler; Fahndung,1604.11.03,,1604-11-03,1604,11,3,"StAB, A I 481, S. 128"
BER.01.001.0441,BER.01.001.0441.00683.0,1.3,Randgruppen,Fahrende Leute,Differenzierung; Fremde; Einheimische; Krämer; Hausierer; Grenzkontrolle; Festnahme; Landesverweisung; Überprüfung Fremder; Einreiseverbot; Brandmarkung; Schiffe; Kontrolle; Korbflechter,1607.02.22,,1607-02-22,1607,2,22,"StAB, A I 481, S. 196-199"
BER.01.001.0485,BER.01.001.0485.00745.0,1.3,Randgruppen,Fahrende Leute,Differenzierung; Fremde; Einheimische; Einreiseverbot; Festnahme; Landesverweisung; Krämer; Aussätzige; Korbflechter; Streifen; Überprüfung Fremder; Grenzkontrolle,1609.03.01,,1609-03-01,1609,3,1,"StAB, A I 481, S. 296-299"
BER.01.001.0485,BER.01.001.0485.00747.0,1.3,Randgruppen,Zigeuner,Landesverweisung; Streifen; Grenzkontrolle; Festnahme; Einreiseverbot,1609.03.01,,1609-03-01,1609,3,1,"StAB, A I 481, S. 296-299"
BER.01.001.4948,BER.01.001.4948.06321.0,1.3,Randgruppen,Fahrende Leute,Aufenthalt; Verbot; Bettelverbot; Differenzierung; Fremde; Einheimische; Einreiseverbot; Festnahme; Grenzkontrolle; Kennzeichnung; Landesverweisung; Überprüfung Fremder,1609.12.30,,1609-12-30,1609,12,30,"StAB, A I 481, S. 391-396"
BER.01.001.4955,BER.01.001.4955.06329.0,1.3,Randgruppen,Zigeuner,Einreiseverbot; Festnahme; Aufenthalt; Verbot; Grenzkontrolle; Landesverweisung; Überprüfung,1610.04.11,,1610-04-11,1610,4,11,"StAB, A I 481, S. 410-412"
BER.01.001.4961,BER.01.001.4961.06338.0,1.3,Randgruppen,Zigeuner,"Festnahme,,1.3 gilt nur für die Welschen Gebiete,,,,",1611.02.16,,1611-02-16,1611,2,16,"StAB, A I 481, S. 479-482"
BER.01.001.4962,BER.01.001.4962.06339.0,1.3,Randgruppen,Fahrende Leute,Krämer; Hausierer; Landesverweisung; Festnahme; Aufenthalt; Verbot,1611.02.23,,1611-02-23,1611,2,23,"StAB, A I 481, S. 485 f."
BER.01.001.0527,BER.01.001.0527.00812.0,1.3,Randgruppen,Fahrende Leute,Streifen; Überprüfung Fremder; Landesverweisung; Festnahme; Aufenthalt; Verbot,1611.07.08,,1611-07-08,1611,7,8,"StAB, A I 481, S. 519 f."
BER.01.001.4888,BER.01.001.4888.06245.0,1.3,Randgruppen,Fahrende Leute,"Streifen; Festnahme,Marter",1612.07.28,,1612-07-28,1612,7,28,"StAB, A I 482, S. 33 f."
BER.01.001.0580,BER.01.001.0580.00872.0,1.3,Randgruppen,Fahrende Leute,Streifen,1614.12.28,,1614-12-28,1614,12,28,"StAB, A I 482, S. 280"
BER.01.001.0582,BER.01.001.0582.00876.0,1.3,Randgruppen,Fahrende Leute,Hausierer; Krämer; Differenzierung; Fremde; Einheimische,1614.12.28,,1614-12-28,1614,12,28,"StAB, A I 482, S. 283-285"
BER.01.001.0584,BER.01.001.0584.00879.0,1.3,Randgruppen,Zigeuner,Festnahme,1615.02.06,,1615-02-06,1615,2,6,"StAB, A I 482, S. 288"
BER.01.001.4915,BER.01.001.4915.06284.0,1.3,Randgruppen,Fahrende Leute,Landesverweisung,1615.04.01,,1615-04-01,1615,4,1,"StAB, A I 482, S. 297"
BER.01.001.4919,BER.01.001.4919.06290.0,1.3,Randgruppen,Fahrende Leute,Aufsicht; Differenzierung; Fremde; Einheimische,1615.04.27,,1615-04-27,1615,4,27,"StAB, A I 482, S. 306"
BER.01.001.4922,BER.01.001.4922.06293.0,1.3,Randgruppen,Fahrende Leute,Landesverweisung; Streifen,1615.06.07,,1615-06-07,1615,6,7,"StAB, A I 482, S. 318"
BER.01.001.4927,BER.01.001.4927.06298.0,1.3,Randgruppen,Fahrende Leute,Grenzkontrolle; Landesverweisung; Einreiseverbot,1615.07.10,,1615-07-10,1615,7,10,"StAB, A I 482, S. 330"
BER.01.001.4940,BER.01.001.4940.06312.0,1.3,Randgruppen,Fahrende Leute,Krämer,1616.05.17,,1616-05-17,1616,5,17,"StAB, A I 482, S. 387"
BER.01.001.0590,BER.01.001.0590.00887.0,1.3,Randgruppen,Zigeuner,Aufenthalt; Verbot; Einreiseverbot; Festnahme; Grenzkontrolle; Landesverweisung; Streifen,1617.01.03,,1617-01-03,1617,1,3,"StAB, A I 482, S. 440 f."
BER.01.001.0633,BER.01.001.0633.00938.0,1.3,Randgruppen,Fahrende Leute,Einreiseverbot; Grenzkontrolle,1619.10.22,,1619-10-22,1619,10,22,"StAB, A I 482, S. 587"
BER.01.001.0634,BER.01.001.0634.00939.0,1.3,Randgruppen,Fahrende Leute,Festnahme,1619.10.30,,1619-10-30,1619,10,30,"StAB, A I 482, S. 588"
BER.01.001.0647,BER.01.001.0647.00955.0,1.3,Randgruppen,Fahrende Leute,Festnahme,1620.02.01,,1620-02-01,1620,2,1,"StAB, A I 482, S. 612"
BER.01.001.4908,BER.01.001.4908.06273.0,1.3,Randgruppen,Fahrende Leute,Streifen; Landesverweisung; Grenzkontrolle; Festnahme; Differenzierung; Fremde; Einheimische; Bettelverbot; Aufsicht,1621.05.29,,1621-05-29,1621,5,29,"StAB, A I 482, S. 684-686"
BER.01.001.0693,BER.01.001.0693.01013.0,1.3,Randgruppen,Fahrende Leute,Grenzkontrolle; Krämer; Hausierer; Landesverweisung,1622.01.21,,1622-01-21,1622,1,21,"StAB, A I 483, S. 2-9"
BER.01.001.0788,BER.01.001.0788.01130.0,1.3,Randgruppen,Fahrende Leute,Landesverweisung; Grenzkontrolle; Differenzierung; Fremde; Einheimische; Gesellen; Profosen,1626.05.08,,1626-05-08,1626,5,8,"StAB, A I 483, S. 245 f."
BER.01.001.0791,BER.01.001.0791.01133.0,1.3,Randgruppen,Fahrende Leute,Streifen,1626.07.22,,1626-07-22,1626,7,22,"StAB, A I 483, S. 250 f."
BER.01.001.0799,BER.01.001.0799.01143.0,1.3,Randgruppen,Fahrende Leute,Streifen; Landesverweisung; Festnahme; Differenzierung; Fremde; Einheimische; Durchzug; Überprüfung Fremder; Einreiseverbot,1627.04.11,,1627-04-11,1627,4,11,"StAB, A I 483, S. 261 f."
BER.01.001.0799,BER.01.001.0799.01143.1,1.3,Randgruppen,Zigeuner,Streifen; Landesverweisung; Festnahme; Differenzierung; Fremde; Einheimische; Durchzug; Überprüfung Fremder; Einreiseverbot,1627.04.11,,1627-04-11,1627,4,11,"StAB, A I 483, S. 261 f."
BER.01.001.0808,BER.01.001.0808.01152.0,1.3,Randgruppen,Fahrende Leute,Krämer; Landesverweisung,1627.11.27,,1627-11-27,1627,11,27,"StAB, A I 483, S. 285 f."
BER.01.001.0810,BER.01.001.0810.01154.0,1.3,Randgruppen,Fahrende Leute,Landesverweisung; Pässe; Paßkontrolle; Streifen,1628.01.05,,1628-01-05,1628,1,5,"StAB, A I 483, S. 289 f."
BER.01.001.0814,BER.01.001.0814.01158.0,1.3,Randgruppen,Fahrende Leute,Differenzierung; Fremde; Einheimische; Landesverweisung; Profosen,1628.05.12,,1628-05-12,1628,5,12,"StAB, A I 483, S. 299 f."
BER.01.001.0819,BER.01.001.0819.01165.0,1.3,Randgruppen,Fahrende Leute,Landesverweisung,1628.10.27,,1628-10-27,1628,10,27,"StAB, A I 483, S. 311"
BER.01.001.0832,BER.01.001.0832.01180.0,1.3,Randgruppen,Fahrende Leute,Landesverweisung; Gartknechte; Profosen,1629.08.31,,1629-08-31,1629,8,31,"StAB, A I 483, S. 351 f."
BER.01.001.0850,BER.01.001.0850.01198.0,1.3,Randgruppen,Fahrende Leute,Landesverweisung; Grenzkontrolle; Festnahme; Einreiseverbot,1630.07.24,,1630-07-24,1630,7,24,"StAB, A I 483, S. 382-384"
BER.01.001.0850,BER.01.001.0850.01198.1,1.3,Randgruppen,Zigeuner,Landesverweisung; Grenzkontrolle; Festnahme; Einreiseverbot,1630.07.24,,1630-07-24,1630,7,24,"StAB, A I 483, S. 382-384"
BER.01.001.0861,BER.01.001.0861.01212.0,1.3,Randgruppen,Fahrende Leute,Landesverweisung; Einreiseverbot,1631.01.21,,1631-01-21,1631,1,21,"StAB, A I 483, S. 405"
BER.01.001.0868,BER.01.001.0868.01220.0,1.3,Randgruppen,Fahrende Leute,Festnahme; Landesverweisung,1631.08.20,,1631-08-20,1631,8,20,"StAB, A I 483, S. 424-427"
BER.01.001.0921,BER.01.001.0921.01284.0,1.3,Randgruppen,Fahrende Leute,Durchzug; Paßkontrolle; Pässe,1634.12.01,,1634-12-01,1634,12,1,"StAB, A I 484, fol. 44r-44v"
BER.01.001.0946,BER.01.001.0946.01314.0,1.3,Randgruppen,Fahrende Leute,Streifen; Krämer; Festnahme; Landesverweisung; Differenzierung; Fremde; Einheimische; Arbeitseinsatz; Arbeitszwang; Grenzkontrolle; Religionszugehörigkeit,1635.07.09,,1635-07-09,1635,7,9,"StAB, A I 484, fol. 64v-66r"
BER.01.001.0948,BER.01.001.0948.01319.0,1.3,Randgruppen,Fahrende Leute,"Streifen; Landesverweisung; Krämer,,,StAB A I 484, fol. 169r-170r, Verordnung 29.05.1638: Anordnung zur erneuten Verkündigung.,,,",1635.07.09,,1635-07-09,1635,7,9,"StAB, A I 484, fol. 66r & 67v-68r"
BER.01.001.0984,BER.01.001.0984.01364.0,1.3,Randgruppen,Fahrende Leute,Grenzkontrolle; Festnahme; Einreiseverbot; Differenzierung; Fremde; Einheimische; Bettelverbot; Landesverweisung; Überprüfung Fremder; Arbeitszwang,1636.03.07,,1636-03-07,1636,3,7,"StAB, A I 484, fol. 95v-96r"
BER.01.001.1017,BER.01.001.1017.01401.0,1.3,Randgruppen,Fahrende Leute,Landesverweisung; Festnahme; Unterhaltungskünstler; Spielleute; Musiker,1637.04.20,,1637-04-20,1637,4,20,"StAB, A I 484, fol. 129r-129v"
BER.01.001.1019,BER.01.001.1019.01403.0,1.3,Randgruppen,Fahrende Leute,Einreiseverbot; Festnahme; Landesverweisung; Krämer; Grenzkontrolle; Streifen; Überprüfung Fremder,1637.05.13,,1637-05-13,1637,5,13,"StAB, A I 484, fol. 131r-132r"
BER.01.001.1030,BER.01.001.1030.01417.0,1.3,Randgruppen,Fahrende Leute,Landesverweisung; Hausierer; Krämer; Einreiseverbot; Differenzierung; Fremde; Einheimische; Festnahme,1637.08.28,,1637-08-28,1637,8,28,"StAB, A I 484, fol. 143r-143v"
BER.01.001.1058,BER.01.001.1058.01459.0,1.3,Randgruppen,Fahrende Leute,Streifen,1638.05.29,,1638-05-29,1638,5,29,"StAB, A I 484, fol. 169r-170r"
BER.01.001.1089,BER.01.001.1089.01494.0,1.3,Randgruppen,Fahrende Leute,Streifen; Landesverweisung,1639.05.07,,1639-05-07,1639,5,7,"StAB, A I 484, fol. 199v-200r"
BER.01.001.1106,BER.01.001.1106.01517.0,1.3,Randgruppen,Fahrende Leute,Landesverweisung,1639.10.03,,1639-10-03,1639,10,3,"StAB, A I 484, fol. 220r-220v"
BER.01.001.1123,BER.01.001.1123.01545.0,1.3,Randgruppen,Fahrende Leute,Streifen; Landesverweisung; Differenzierung; Fremde; Einheimische,1640.04.15,,1640-04-15,1640,4,15,"StAB, A I 484, fol. 240v-241r"
BER.01.001.1153,BER.01.001.1153.01585.0,1.3,Randgruppen,Fahrende Leute,"Landesverweisung;,,,1.3 Fahrende Leute gilt für alle Gebiete.,,,)",1641.03.12,,1641-03-12,1641,3,12,"StAB, A I 484, fol. 270r-270v"
BER.01.001.1172,BER.01.001.1172.01612.0,1.3,Randgruppen,Fahrende Leute,Streifen; Landesverweisung,1641.09.14,,1641-09-14,1641,9,14,"StAB, A I 484, fol. 290v-291r"
BER.01.001.1175,BER.01.001.1175.01618.0,1.3,Randgruppen,Fahrende Leute,Grenzkontrolle; Aufsicht,1641.10.09,,1641-10-09,1641,10,9,"StAB, A I 484, fol. 292v"
BER.01.001.1185,BER.01.001.1185.01629.0,1.3,Randgruppen,Fahrende Leute,Streifen; Landesverweisung; Festnahme; Differenzierung; Fremde; Einheimische; Arbeitszwang; Arbeitseinsatz; Aufenthalt; Verbot,1642.03.07,,1642-03-07,1642,3,7,"StAB, A I 484, fol. 301v-302r"
BER.01.001.1192,BER.01.001.1192.01638.0,1.3,Randgruppen,Fahrende Leute,Landesverweisung; Streifen,1642.05.09,,1642-05-09,1642,5,9,"StAB, A I 484, fol. 311r"
BER.01.001.1195,BER.01.001.1195.01641.0,1.3,Randgruppen,Fahrende Leute,Arbeitseinsatz; Aufenthalt; Verbot; Bedingungen; Einschränkung; Aufsicht; Bettelverbot; Differenzierung; Fremde; Einheimische; Einreiseverbot; Festnahme; Grenzkontrolle; Landesverweisung; Profosen; Gesellen; Durchzug,1642.07.13,,1642-07-13,1642,7,13,"StAB, A I 484, fol. 316v"
BER.01.001.1228,BER.01.001.1228.01687.0,1.3,Randgruppen,Fahrende Leute,Differenzierung; Fremde; Einheimische; Arbeitseinsatz; Festnahme; Landesverweisung; Streifen; Aufenthalt; Verbot; Bedingungen; Einschränkung; Bettelverbot; Einreiseverbot,1643.05.13,,1643-05-13,1643,5,13,"StAB, A I 484, fol. 345r-349v"
BER.01.001.1228,BER.01.001.1228.01687.1,1.3,Randgruppen,Fahrende Leute,Differenzierung; Fremde; Einheimische; Arbeitseinsatz; Festnahme; Landesverweisung; Streifen; Aufenthalt; Verbot; Bedingungen; Einschränkung; Bettelverbot; Einreiseverbot,1643.05.13,,1643-05-13,1643,5,13,"StAB, A I 484, fol. 345r-349v"
BER.01.001.1233,BER.01.001.1233.01693.1,1.3,Randgruppen,Fahrende Leute,Landesverweisung,1643.07.29,,1643-07-29,1643,7,29,"StAB, A I 484, fol. 353v-354r"
BER.01.001.1233,BER.01.001.1233.01693.0,1.3,Randgruppen,Zigeuner,Landesverweisung,1643.07.29,,1643-07-29,1643,7,29,"StAB, A I 484, fol. 353v-354r"
BER.01.001.1243,BER.01.001.1243.01705.0,1.3,Randgruppen,Fahrende Leute,Arbeitseinsatz; Aufenthalt; Verbot; Bedingungen; Einschränkung; Differenzierung; Fremde; Einheimische; Einreiseverbot; Festnahme; Landesverweisung; Streifen; Überprüfung Fremder; Durchzug; Pässe,1644.01.31,,1644-01-31,1644,1,31,"StAB, A I 484, fol. 360v-361r"
BER.01.001.1297,BER.01.001.1297.01784.0,1.3,Randgruppen,Fahrende Leute,Überprüfung Fremder; Pässe; Paßkontrolle,1644.05.07,,1644-05-07,1644,5,7,"StAB, A I 485, S. 11 f."
BER.01.001.1321,BER.01.001.1321.01815.0,1.3,Randgruppen,Fahrende Leute,Hausierer; Krämer; Landesverweisung,1645.03.26,,1645-03-26,1645,3,26,"StAB, A I 485, S. 64"
BER.01.001.1342,BER.01.001.1342.01843.1,1.3,Randgruppen,Fahrende Leute,Festnahme; Überprüfung; Landesverweisung; Grenzkontrolle,1646.03.21,,1646-03-21,1646,3,21,"StAB, A I 485, S. 115"
BER.01.001.1342,BER.01.001.1342.01843.0,1.3,Randgruppen,Zigeuner,Festnahme; Überprüfung; Landesverweisung; Grenzkontrolle,1646.03.21,,1646-03-21,1646,3,21,"StAB, A I 485, S. 115"
BER.01.001.1359,BER.01.001.1359.01867.0,1.3,Randgruppen,Fahrende Leute,"Einreiseverbot; Krämer; Hausierer; Überprüfung Fremder,,,1.3 Fahrende Leute u. 2.2 Sicherung Stadt/Land gilt nur für 9 Deutsche Ämter.,,,",1646.12.28,,1646-12-28,1646,12,28,"StAB, A I 485, S. 149"
BER.01.001.1373,BER.01.001.1373.01886.0,1.3,Randgruppen,Fahrende Leute,Streifen,1647.07.27,,1647-07-27,1647,7,27,"StAB, A I 485, S. 177 f."
BER.01.001.1391,BER.01.001.1391.01914.0,1.3,Randgruppen,Fahrende Leute,Streifen; Überprüfung Fremder; Festnahme; Arbeitszwang,1648.06.08,,1648-06-08,1648,6,8,"StAB, A I 485, S. 226 f."
BER.01.001.1393,BER.01.001.1393.01916.0,1.3,Randgruppen,Juden,Aufenthalt; Verbot; Landesverweisung,1648.07.08,,1648-07-08,1648,7,8,"StAB, A I 485, S. 229 f."
BER.01.001.1396,BER.01.001.1396.01919.0,1.3,Randgruppen,Juden,Aufenthalt; Verbot; Bedingungen; Einschränkung; Durchzug; Jahrmarkt,1648.08.04,,1648-08-04,1648,8,4,"StAB, A I 485, S. 232"
BER.01.001.1420,BER.01.001.1420.01952.0,1.3,Randgruppen,Fahrende Leute,Aufsicht; Bettelverbot; Differenzierung; Fremde; Einheimische; Festnahme; Arbeitszwang,1649.05.28,,1649-05-28,1649,5,28,"StAB, A I 485, S. 268-270"
BER.01.001.1421,BER.01.001.1421.01953.0,1.3,Randgruppen,Fahrende Leute,Differenzierung; Fremde; Einheimische; Bettelverbot; Aufsicht; Festnahme,1649.05.28,,1649-05-28,1649,5,28,"StAB, A I 485, S. 270"
BER.01.001.1444,BER.01.001.1444.01980.0,1.3,Randgruppen,Fahrende Leute,Grenzkontrolle; Einreiseverbot; Landesverweisung,1650.04.22,,1650-04-22,1650,4,22,"StAB, A I 485, S. 296 f."
BER.01.001.1465,BER.01.001.1465.02005.0,1.3,Randgruppen,Fahrende Leute,Streifen; Differenzierung; Fremde; Einheimische; Arbeitseinsatz; Festnahme,1651.04.14,,1651-04-14,1651,4,14,"StAB, A I 485, S. 354 f."
BER.01.001.1467,BER.01.001.1467.02008.0,1.3,Randgruppen,Fahrende Leute,Krämer; Landesverweisung; Unterhaltungskünstler; Spielleute; Musiker; Narren; Reimsprecher; Tänzerinnen,1651.06.23,,1651-06-23,1651,6,23,"StAB, A I 485, S. 359 f."
BER.01.001.1468,BER.01.001.1468.02010.0,1.3,Randgruppen,Fahrende Leute,Arbeitseinsatz; Festnahme; Landesverweisung; Überprüfung,1651.07.15,,1651-07-15,1651,7,15,"StAB, A I 485, S. 361"
BER.01.001.1468,BER.01.001.1468.02010.1,1.3,Randgruppen,Zigeuner,Arbeitseinsatz; Festnahme; Landesverweisung; Überprüfung,1651.07.15,,1651-07-15,1651,7,15,"StAB, A I 485, S. 361"
BER.01.001.1475,BER.01.001.1475.02018.0,1.3,Randgruppen,Fahrende Leute,Hausierer; Krämer; Landesverweisung,1651.09.10,,1651-09-10,1651,9,10,"StAB, A I 485, S. 368 f."
BER.01.001.1489,BER.01.001.1489.02043.0,1.3,Randgruppen,Fahrende Leute,Prostituierte; Festnahme; Landesverweisung,1652.01.19,,1652-01-19,1652,1,19,"StAB, A I 485, S. 400-403"
BER.01.001.1573,BER.01.001.1573.02148.0,1.3,Randgruppen,Juden,Landesverweisung; Aufenthalt; Verbot,1655.08.09,,1655-08-09,1655,8,9,"StAB, A I 485, S. 582 f."
BER.01.001.1587,BER.01.001.1587.02164.0,1.3,Randgruppen,Fahrende Leute,Krämer; Landesverweisung,1655.12.11,,1655-12-11,1655,12,11,"StAB, A I 485, S. 598"
BER.01.001.1634,BER.01.001.1634.02227.0,1.3,Randgruppen,Juden,Aufenthalt; Verbot; Landesverweisung,1657.03.16,,1657-03-16,1657,3,16,"StAB, A I 485, S. 672 f."
BER.01.001.1703,BER.01.001.1703.02323.0,1.3,Randgruppen,Fahrende Leute,Landesverweisung; Festnahme; Streifen; Überprüfung Fremder; Differenzierung; Fremde; Einheimische; Bettelverbot; Aufenthalt; Verbot; Bedingungen; Einschränkung,1659.11.15,,1659-11-15,1659,11,15,"StAB, A I 487, S. 70 f."
BER.01.001.1249,BER.01.001.1249.01724.0,1.3,Randgruppen,Fahrende Leute,Landesverweisung; Prostituierte,1661.03.18,,1661-03-18,1661,3,18,"StAB, A I 487, S. 129-156"
BER.01.001.1791,BER.01.001.1791.02448.0,1.3,Randgruppen,Fahrende Leute,Bettelverbot; Differenzierung; Fremde; Einheimische; Grenzkontrolle; Streifen,1666.08.29,,1666-08-29,1666,8,29,"StAB, A I 487, S. 345 f."
BER.01.001.1803,BER.01.001.1803.02470.0,1.3,Randgruppen,Fahrende Leute,Streifen; Landesverweisung; Grenzkontrolle; Einreiseverbot; Differenzierung; Fremde; Einheimische,1667.05.10,,1667-05-10,1667,5,10,"StAB, A I 487, S. 375"
BER.01.001.1826,BER.01.001.1826.02501.0,1.3,Randgruppen,Fahrende Leute,Landesverweisung,1667.10.25,,1667-10-25,1667,10,25,"StAB, A I 487, S. 409 f."
BER.01.001.1897,BER.01.001.1897.02593.0,1.3,Randgruppen,Fahrende Leute,Streifen; Überprüfung Fremder; Landesverweisung; Festnahme; Grenzkontrolle; Differenzierung; Fremde; Einheimische,1670.07.21,,1670-07-21,1670,7,21,"StAB, A I 487, S. 545 f."
BER.01.001.1926,BER.01.001.1926.02626.0,1.3,Randgruppen,Fahrende Leute,Festnahme,1671.09.09,,1671-09-09,1671,9,9,"StAB, A I 487, S. 605-607"
BER.01.001.1941,BER.01.001.1941.02648.0,1.3,Randgruppen,Fahrende Leute,Krämer; Landesverweisung,1672.03.02,,1672-03-02,1672,3,2,"StAB, A I 487, S. 638-640"
BER.01.001.1940,BER.01.001.1940.02644.0,1.3,Randgruppen,Fahrende Leute,Differenzierung; Fremde; Einheimische; Krämer; Beherbergungsverbot,1672.03.02,,1672-03-02,1672,3,2,"StAB, A I 487, S. 632-638"
BER.01.001.1970,BER.01.001.1970.02686.0,1.3,Randgruppen,Fahrende Leute,Festnahme; Differenzierung; Fremde; Einheimische; Arbeitszwang; Bettelverbot,1673.04.04,,1673-04-04,1673,4,4,"StAB, A I 487, S. 689-693"
BER.01.001.2003,BER.01.001.2003.02725.0,1.3,Randgruppen,Fahrende Leute,Pässe; Paßkontrolle,1674.06.10,,1674-06-10,1674,6,10,"StAB, A I 488, S. 15"
BER.01.001.2049,BER.01.001.2049.02786.0,1.3,Randgruppen,Zigeuner,Aufenthalt; Verbot; Einreiseverbot; Festnahme,1675.08.30,,1675-08-30,1675,8,30,"StAB, A I 488, S. 145 f."
BER.01.001.2076,BER.01.001.2076.02818.0,1.3,Randgruppen,Fahrende Leute,Bettelverbot; Arbeitszwang; Durchzug; Festnahme; Krämer; Landesverweisung; Pässe; Überprüfung Fremder,1676.01.20,,1676-01-20,1676,1,20,"StAB, A I 488, nach S. 194 eingefügt"
BER.01.001.2092,BER.01.001.2092.02840.0,1.3,Randgruppen,Fahrende Leute,Krämer; Hausierer; Streifen,1676.08.12,,1676-08-12,1676,8,12,"StAB, A I 488, S. 235 f."
BER.01.001.2105,BER.01.001.2105.02855.0,1.3,Randgruppen,Fahrende Leute,Streifen; Festnahme,1676.11.28,,1676-11-28,1676,11,28,"StAB, A I 488, S. 253-255"
BER.01.001.2121,BER.01.001.2121.02874.0,1.3,Randgruppen,Fahrende Leute,Streifen; Flüchtlinge,1677.05.25,,1677-05-25,1677,5,25,"StAB, A I 488, S. 287-290"
BER.01.001.2129,BER.01.001.2129.02885.0,1.3,Randgruppen,Fahrende Leute,Streifen,1677.11.06,,1677-11-06,1677,11,6,"StAB, A I 488, S. 304 f."
BER.01.001.2166,BER.01.001.2166.02928.0,1.3,Randgruppen,Fahrende Leute,Arbeitseinsatz; Arbeitszwang; Aufenthalt; Verbot; Bedingungen; Einschränkung; Bettelverbot; Differenzierung; Fremde; Einheimische; Festnahme; Landesverweisung; Streifen; Überprüfung Fremder; Flüchtlinge,1679.01.28,,1679-01-28,1679,1,28,"StAB, A I 488, S. 380 f."
BER.01.001.4967,BER.01.001.4967.06410.0,1.3,Randgruppen,Fahrende Leute,"Deserteure; Paßkontrolle; Pässe; Grenzkontrolle,,Geschätztes Datum: 1679.02.00,,,,)",1679.02.00,,,1679,2,0,"StAB, A I 488, S. 437 f."
BER.01.001.2180,BER.01.001.2180.02948.0,1.3,Randgruppen,Fahrende Leute,Streifen; Überprüfung Fremder; Differenzierung; Fremde; Einheimische,1679.10.14,,1679-10-14,1679,10,14,"StAB, A I 488, S. 409-414"
BER.01.001.2183,BER.01.001.2183.02952.0,1.3,Randgruppen,Fahrende Leute,Bettelverbot; Differenzierung; Fremde; Einheimische; Festnahme; Streifen,1679.10.14,,1679-10-14,1679,10,14,"StAB, A I 488, S. 418 f."
BER.01.001.2206,BER.01.001.2206.02980.0,1.3,Randgruppen,Fahrende Leute,Streifen; Differenzierung; Fremde; Einheimische; Beherbergung Fremder; Beherbergungsverbot; Einreiseverbot; Landesverweisung,1680.07.07,,1680-07-07,1680,7,7,"StAB, A I 488, S. 479 f."
BER.01.001.2243,BER.01.001.2243.03032.0,1.3,Randgruppen,Fahrende Leute,Festnahme,1681.06.25,,1681-06-25,1681,6,25,"StAB, A I 488, S. 555-560 & S. 638-641, hier datiert: 18.06.1681"
BER.01.001.2255,BER.01.001.2255.03046.0,1.3,Randgruppen,Fahrende Leute,Bettelverbot; Profosen; Besoldung,1681.09.14,,1681-09-14,1681,9,14,"StAB, A I 488, S. 581-583"
BER.01.001.2324,BER.01.001.2324.03124.0,1.3,Randgruppen,Fahrende Leute,Streifen; Bettelverbot; Krämer,1684.10.06,,1684-10-06,1684,10,6,"StAB, A I 488, S. 685 f."
BER.01.001.2347,BER.01.001.2347.03149.0,1.3,Randgruppen,Fahrende Leute,Aufsicht; Einreiseverbot; Grenzkontrolle,1686.01.30,,1686-01-30,1686,1,30,"StAB, A I 488, S. 722 f."
BER.01.001.2358,BER.01.001.2358.03164.0,1.3,Randgruppen,Fahrende Leute,Krämer,1686.08.24,,1686-08-24,1686,8,24,"StAB, A I 488, S. 737 f."
BER.01.001.2374,BER.01.001.2374.03181.0,1.3,Randgruppen,Fahrende Leute,Streifen; Überprüfung Fremder; Krämer; Hausierer; Differenzierung; Fremde; Einheimische; Bettelverbot; Landesverweisung; Arbeitseinsatz; Arbeitszwang,1687.05.21,,1687-05-21,1687,5,21,"StAB, A I 488, S. 773-775"
BER.01.001.2378,BER.01.001.2378.03186.0,1.3,Randgruppen,Fahrende Leute,Streifen; Landesverweisung; Grenzkontrolle; Einreiseverbot; Festnahme,1687.06.13,,1687-06-13,1687,6,13,"StAB, A I 488, S. 779 f."
BER.01.001.2387,BER.01.001.2387.03195.0,1.3,Randgruppen,Fahrende Leute,Festnahme; Streifen,1687.08.19,,1687-08-19,1687,8,19,"StAB, A I 488, S. 795 f."
BER.01.001.2389,BER.01.001.2389.03199.0,1.3,Randgruppen,Fahrende Leute,Streifen,1687.09.01,,1687-09-01,1687,9,1,"StAB, A I 488, S. 799 f."
BER.01.001.2459,BER.01.001.2459.03281.0,1.3,Randgruppen,Fahrende Leute,"Streifen,Datum stimmt",1688.08.31,,1688-08-31,1688,8,31,"StAB, A I 488, S. 953"
BER.01.001.2452,BER.01.001.2452.03274.0,1.3,Randgruppen,Zigeuner,Landesverweisung; Streifen,1690.05.03,,1690-05-03,1690,5,3,"StAB, A I 488, S. 944 f."
BER.01.001.2513,BER.01.001.2513.03348.0,1.3,Randgruppen,Fahrende Leute,"Aufenthalt; Verbot; Bedingungen; Einschränkung; Festnahme; Landesverweisung; Krämer,Anm. Gehört zu pag848",1690.11.21,,1690-11-21,1690,11,21,"StAB, A I 488, S. 1041-1072"
BER.01.001.2485,BER.01.001.2485.03307.0,1.3,Randgruppen,Fahrende Leute,Streifen,1691.05.29,,1691-05-29,1691,5,29,"StAB, A I 488, S. 985 f."
BER.01.001.2501,BER.01.001.2501.03325.0,1.3,Randgruppen,Fahrende Leute,Streifen,1692.10.01,,1692-10-01,1692,10,1,"StAB, A I 488, S. 1012 f."
BER.01.001.2522,BER.01.001.2522.03359.0,1.3,Randgruppen,Zigeuner,Landesverweisung; Grenzkontrolle; Festnahme; Einreiseverbot,1693.06.16,,1693-06-16,1693,6,16,"StAB, A I 490, S. 17 f."
BER.01.001.2530,BER.01.001.2530.03367.0,1.3,Randgruppen,Fahrende Leute,Streifen,1693.08.01,,1693-08-01,1693,8,1,"StAB, A I 490, S. 30"
BER.01.001.2558,BER.01.001.2558.03400.0,1.3,Randgruppen,Fahrende Leute,Differenzierung; Fremde; Einheimische; Festnahme; Einreiseverbot; Hausierer; Krämer; Landesverweisung; Streifen; Überprüfung Fremder; Arbeitszwang; Arbeitseinsatz; Aufsicht; Aufenthalt; Verbot,1694.05.29,,1694-05-29,1694,5,29,"StAB, A I 490, S. 87-90"
BER.01.001.2573,BER.01.001.2573.03417.0,1.3,Randgruppen,Fahrende Leute,Streifen; Bettelverbot; Landesverweisung,1694.09.07,,1694-09-07,1694,9,7,"StAB, A I 490, S. 113 f."
BER.01.001.2596,BER.01.001.2596.03445.0,1.3,Randgruppen,Fahrende Leute,Bettelverbot; Streifen,1695.06.29,,1695-06-29,1695,6,29,"StAB, A I 490, S. 179 f."
BER.01.001.2608,BER.01.001.2608.03458.0,1.3,Randgruppen,Fahrende Leute,Streifen; Bettelverbot,1695.11.30,,1695-11-30,1695,11,30,"StAB, A I 490, S. 200 f."
BER.01.001.2617,BER.01.001.2617.03467.0,1.3,Randgruppen,Fahrende Leute,Streifen,1696.04.27,,1696-04-27,1696,4,27,"StAB, A I 490, S. 217 f."
BER.01.001.2625,BER.01.001.2625.03476.0,1.3,Randgruppen,Fahrende Leute,Beherbergung Fremder; Beherbergungsverbot; Streifen; Festnahme,1696.07.10,,1696-07-10,1696,7,10,"StAB, A I 490, S. 231-235"
BER.01.001.2629,BER.01.001.2629.03480.0,1.3,Randgruppen,Fahrende Leute,Differenzierung; Fremde; Einheimische; Streifen; Festnahme; Konfession,1696.08.04,,1696-08-04,1696,8,4,"StAB, A I 490, S. 239 f."
BER.01.001.2651,BER.01.001.2651.03507.0,1.3,Randgruppen,Fahrende Leute,Festnahme; Drohung,1697.08.11,,1697-08-11,1697,8,11,"StAB, A I 490, S. 303 f."
BER.01.001.2665,BER.01.001.2665.03522.0,1.3,Randgruppen,Fahrende Leute,Streifen,1698.02.22,,1698-02-22,1698,2,22,"StAB, A I 490, S. 330"
BER.01.001.2688,BER.01.001.2688.03546.0,1.3,Randgruppen,Fahrende Leute,Arbeitseinsatz; Bettelverbot; Differenzierung; Fremde; Einheimische; Einreiseverbot; Festnahme; Gesellen; Grenzkontrolle; Hausierer; Krämer; Landesverweisung,1698.11.02,,1698-11-02,1698,11,2,"StAB, A I 490, S. 376-378"
BER.01.001.2697,BER.01.001.2697.03559.0,1.3,Randgruppen,Fahrende Leute,Grenzkontrolle; Differenzierung; Fremde; Einheimische; Überprüfung Fremder; Landesverweisung,1698.12.29,,1698-12-29,1698,12,29,"StAB, A I 490, S. 410 f."
BER.01.001.2710,BER.01.001.2710.03575.0,1.3,Randgruppen,Fahrende Leute,Streifen,1699.05.29,,1699-05-29,1699,5,29,"StAB, A I 490, S. 445 f."
BER.01.001.2719,BER.01.001.2719.03585.0,1.3,Randgruppen,Fahrende Leute,Gesellen; Grenzkontrolle; Festnahme; Einreiseverbot; Pässe; Paßkontrolle,1699.07.05,,1699-07-05,1699,7,5,"StAB, A I 490, S. 466-468"
BER.01.001.2724,BER.01.001.2724.03591.0,1.3,Randgruppen,Fahrende Leute,Bettelverbot; Differenzierung; Fremde; Einheimische; Landesverweisung; Streifen; Profosen; Besoldung,1699.08.29,,1699-08-29,1699,8,29,"StAB, A I 490, S. 484-487"
BER.01.001.2732,BER.01.001.2732.03599.0,1.3,Randgruppen,Fahrende Leute,Durchzug; Landesverweisung,1699.11.25,,1699-11-25,1699,11,25,"StAB, A I 490, S. 500 f."
BER.01.001.2737,BER.01.001.2737.03605.0,1.3,Randgruppen,Fahrende Leute,Streifen; Bettelverbot; Aufsicht; Profosen; Einreiseverbot; Grenzkontrolle; Landesverweisung; Festnahme; Krämer; Hausierer; Pässe; Paßkontrolle; Legitimation; Überprüfung Fremder; Gesellen; Durchzug,1700.01.22,,1700-01-22,1700,1,22,"StAB, A I 490, S. 509-520"
BER.01.001.2737,BER.01.001.2737.03605.2,1.3,Randgruppen,Fahrende Leute,Streifen; Bettelverbot; Aufsicht; Profosen; Einreiseverbot; Grenzkontrolle; Landesverweisung; Festnahme; Krämer; Hausierer; Pässe; Paßkontrolle; Legitimation; Überprüfung Fremder; Gesellen; Durchzug,1700.01.22,,1700-01-22,1700,1,22,"StAB, A I 490, S. 509-520"
BER.01.001.2737,BER.01.001.2737.03605.1,1.3,Randgruppen,Zigeuner,Streifen; Bettelverbot; Aufsicht; Profosen; Einreiseverbot; Grenzkontrolle; Landesverweisung; Festnahme; Krämer; Hausierer; Pässe; Paßkontrolle; Legitimation; Überprüfung Fremder; Gesellen; Durchzug,1700.01.22,,1700-01-22,1700,1,22,"StAB, A I 490, S. 509-520"
BER.01.001.2750,BER.01.001.2750.03620.0,1.3,Randgruppen,Fahrende Leute,Streifen,1700.08.14,,1700-08-14,1700,8,14,"StAB, A I 490, S. 547 f."
BER.01.001.2753,BER.01.001.2753.03623.0,1.3,Randgruppen,Fahrende Leute,Pässe; Paßkontrolle; Gesellen,1700.09.11,,1700-09-11,1700,9,11,"StAB, A I 490, S. 559 f."
BER.01.001.2758,BER.01.001.2758.03628.0,1.3,Randgruppen,Fahrende Leute,Streifen; Pässe; Paßkontrolle; Einreiseverbot; Gesellen,1701.01.14,,1701-01-14,1701,1,14,"StAB, A I 490, S. 569-571"
BER.01.001.2763,BER.01.001.2763.03634.0,1.3,Randgruppen,Fahrende Leute,Streifen,1701.04.20,,1701-04-20,1701,4,20,"StAB, A I 490, S. 585"
BER.01.001.2767,BER.01.001.2767.03638.0,1.3,Randgruppen,Fahrende Leute,Streifen,1701.07.23,,1701-07-23,1701,7,23,"StAB, A I 490, S. 592"
BER.01.001.2769,BER.01.001.2769.03640.0,1.3,Randgruppen,Fahrende Leute,Streifen,1701.08.22,,1701-08-22,1701,8,22,"StAB, A I 490, S. 594 f."
BER.01.001.2774,BER.01.001.2774.03645.0,1.3,Randgruppen,Juden,Landesverweisung; Aufenthalt; Verbot; Bedingungen; Einschränkung,1701.09.06,,1701-09-06,1701,9,6,"StAB, A I 490, S. 599 f."
BER.01.001.2780,BER.01.001.2780.03651.0,1.3,Randgruppen,Fahrende Leute,Streifen,1701.11.24,,1701-11-24,1701,11,24,"StAB, A I 490, S. 608"
BER.01.001.2782,BER.01.001.2782.03653.0,1.3,Randgruppen,Fahrende Leute,Streifen,1702.02.22,,1702-02-22,1702,2,22,"StAB, A I 490, S. 613"
BER.01.001.2791,BER.01.001.2791.03663.0,1.3,Randgruppen,Fahrende Leute,Streifen; Krämer; Hausierer; Landesverweisung; Pässe; Paßkontrolle; Grenzkontrolle,1702.06.15,,1702-06-15,1702,6,15,"StAB, A I 490, S. 628-630"
BER.01.001.2800,BER.01.001.2800.03676.0,1.3,Randgruppen,Fahrende Leute,Streifen,1702.09.08,,1702-09-08,1702,9,8,"StAB, A I 490, S. 641 f."
BER.01.001.2803,BER.01.001.2803.03680.0,1.3,Randgruppen,Fahrende Leute,Streifen,1702.09.18,,1702-09-18,1702,9,18,"StAB, A I 490, S. 646 f."
BER.01.001.2813,BER.01.001.2813.03691.0,1.3,Randgruppen,Fahrende Leute,Grenzkontrolle; Bettelverbot; Differenzierung; Fremde; Einheimische; Profosen,1703.02.22,,1703-02-22,1703,2,22,"StAB, A I 490, S. 662 f."
BER.01.001.2815,BER.01.001.2815.03693.0,1.3,Randgruppen,Fahrende Leute,Streifen,1703.04.03,,1703-04-03,1703,4,3,"StAB, A I 490, S. 669"
BER.01.001.2842,BER.01.001.2842.03722.0,1.3,Randgruppen,Zigeuner,Aufenthalt; Verbot; Einreiseverbot; Festnahme; Grenzkontrolle; Kennzeichnung; Landesverweisung; Überprüfung,1704.04.05,,1704-04-05,1704,4,5,"StAB, A I 490, S. 732 f."
BER.01.001.2861,BER.01.001.2861.03742.0,1.3,Randgruppen,Juden,Aufenthalt; Verbot; Bedingungen; Einschränkung,1705.04.03,,1705-04-03,1705,4,3,"StAB, A I 491, S. 11f"
BER.01.001.2864,BER.01.001.2864.03746.0,1.3,Randgruppen,Fahrende Leute,Aufenthalt; Verbot; Einreiseverbot,1705.05.16,,1705-05-16,1705,5,16,"StAB, A I 491, S. 16 f."
BER.01.001.2873,BER.01.001.2873.03755.0,1.3,Randgruppen,Fahrende Leute,Streifen; Differenzierung; Fremde; Einheimische; Landesverweisung,1705.09.07,,1705-09-07,1705,9,7,"StAB, A I 491, S. 34 f."
BER.01.001.2898,BER.01.001.2898.03783.0,1.3,Randgruppen,Fahrende Leute,Streifen,1706.07.29,,1706-07-29,1706,7,29,"StAB, A I 491, S. 86 f."
BER.01.001.2905,BER.01.001.2905.03795.0,1.3,Randgruppen,Fahrende Leute,Landesverweisung; Festnahme; Gesellen; Hausierer; Krämer; Pässe; Paßkontrolle; Grenzkontrolle; Beherbergung Fremder; Beherbergungsverbot; Differenzierung; Fremde; Einheimische; Durchzug,1707.01.15,,1707-01-15,1707,1,15,"StAB, A I 491, S. 105-110"
BER.01.001.2905,BER.01.001.2905.03796.0,1.3,Randgruppen,Zigeuner,Kennzeichnung; Festnahme; Einreiseverbot; Brandmarkung; Arbeitseinsatz; Aufenthalt; Verbot; Landesverweisung; Überprüfung,1707.01.15,,1707-01-15,1707,1,15,"StAB, A I 491, S. 105-110"
BER.01.001.2909,BER.01.001.2909.03801.0,1.3,Randgruppen,Fahrende Leute,"Arbeitseinsatz; Arbeitszwang; Festnahme,Verwiesen auf Placcard vom 17.01.1707! Vielleicht Druck unter diesem Datum",1707.02.25,,1707-02-25,1707,2,25,"StAB, A I 491, S. 126-128"
BER.01.001.2936,BER.01.001.2936.03831.0,1.3,Randgruppen,Fahrende Leute,Profosen; Grenzkontrolle,1708.04.21,,1708-04-21,1708,4,21,"StAB, A I 491, S. 181 f."
BER.01.001.2946,BER.01.001.2946.03842.0,1.3,Randgruppen,Fahrende Leute,Grenzkontrolle; Streifen; Profosen,1708.07.12,,1708-07-12,1708,7,12,"StAB, A I 491, S. 208 f."
BER.01.001.2947,BER.01.001.2947.03843.0,1.3,Randgruppen,Fahrende Leute,Arbeitseinsatz; Arbeitszwang; Aufenthalt; Verbot; Bedingungen; Einschränkung; Bettelverbot; Differenzierung; Fremde; Einheimische; Durchzug; Einreiseverbot; Festnahme; Gesellen; Grenzkontrolle; Landesverweisung; Pässe; Paßkontrolle; Streifen; Profosen,1708.07.12,,1708-07-12,1708,7,12,"StAB, A I 491, S. 210 f."
BER.01.001.2948,BER.01.001.2948.03846.0,1.3,Randgruppen,Fahrende Leute,Streifen,1708.07.28,,1708-07-28,1708,7,28,"StAB, A I 491, S. 214 f."
BER.01.001.2949,BER.01.001.2949.03847.0,1.3,Randgruppen,Fahrende Leute,Streifen,1708.08.06,,1708-08-06,1708,8,6,"StAB, A I 491, S. 215 f."
BER.01.001.2952,BER.01.001.2952.03850.0,1.3,Randgruppen,Fahrende Leute,Profosen; Streifen,1708.12.06,,1708-12-06,1708,12,6,"StAB, A I 491, S. 226 f."
BER.01.001.2955,BER.01.001.2955.03853.0,1.3,Randgruppen,Fahrende Leute,Streifen; Pässe; Paßkontrolle,1709.01.14,,1709-01-14,1709,1,14,"StAB, A I 491, S. 234-237"
BER.01.001.2975,BER.01.001.2975.03874.0,1.3,Randgruppen,Fahrende Leute,Landesverweisung,1709.06.03,,1709-06-03,1709,6,3,"StAB, A I 491, S. 278"
BER.01.001.2990,BER.01.001.2990.03892.0,1.3,Randgruppen,Fahrende Leute,Grenzkontrolle; Profosen,1709.10.07,,1709-10-07,1709,10,7,"StAB, A I 491, S. 304 f."
BER.01.001.2995,BER.01.001.2995.03898.0,1.3,Randgruppen,Fahrende Leute,Streifen,1709.11.20,,1709-11-20,1709,11,20,"StAB, A I 491, S. 318 f."
BER.01.001.3100,BER.01.001.3100.04020.0,1.3,Randgruppen,Fahrende Leute,Grenzkontrolle; Landesverweisung; Differenzierung; Fremde; Einheimische; Bettelverbot; Hausierer; Krämer,1712.07.23,,1712-07-23,1712,7,23,"StAB, A I 491, S. 610 f."
BER.01.001.3121,BER.01.001.3121.04042.0,1.3,Randgruppen,Fahrende Leute,Streifen; Bettelverbot,1712.12.20,,1712-12-20,1712,12,20,"StAB, A I 491, S. 656 f."
BER.01.001.3126,BER.01.001.3126.04048.0,1.3,Randgruppen,Fahrende Leute,Bettelverbot; Differenzierung; Fremde; Einheimische; Grenzkontrolle; Landesverweisung; Profosen,1713.03.04,,1713-03-04,1713,3,4,"StAB, A I 491, S. 673 f."
BER.01.001.3132,BER.01.001.3132.04056.0,1.3,Randgruppen,Fahrende Leute,Streifen,1713.03.31,,1713-03-31,1713,3,31,"StAB, A I 491, S. 683"
BER.01.001.3136,BER.01.001.3136.04060.0,1.3,Randgruppen,Fahrende Leute,Streifen; Bettelverbot; Differenzierung; Fremde; Einheimische; Einreiseverbot; Landesverweisung,1713.06.01,,1713-06-01,1713,6,1,"StAB, A I 491, S. 690"
BER.01.001.3145,BER.01.001.3145.04069.0,1.3,Randgruppen,Zigeuner,Festnahme; Grenzkontrolle,1713.12.30,,1713-12-30,1713,12,30,"StAB, A I 491, S. 714 f."
BER.01.001.3160,BER.01.001.3160.04086.0,1.3,Randgruppen,Fahrende Leute,Streifen,1714.05.31,,1714-05-31,1714,5,31,"StAB, A I 491, S. 748"
BER.01.001.3171,BER.01.001.3171.04097.0,1.3,Randgruppen,Fahrende Leute,Streifen; Differenzierung; Fremde; Einheimische; Landesverweisung,1714.10.15,,1714-10-15,1714,10,15,"StAB, A I 491, S. 771 f."
BER.01.001.3210,BER.01.001.3210.04140.0,1.3,Randgruppen,Fahrende Leute,Bettelverbot; Arbeitseinsatz; Arbeitszwang; Differenzierung; Fremde; Einheimische; Einreiseverbot; Grenzkontrolle,1716.07.15,,1716-07-15,1716,7,15,"StAB, A I 492, S. 75-79"
BER.01.001.3212,BER.01.001.3212.04143.0,1.3,Randgruppen,Fahrende Leute,Differenzierung; Fremde; Einheimische; Durchzug; Gesellen; Grenzkontrolle; Bettelverbot; Pässe; Paßkontrolle; Profosen,1716.07.15,,1716-07-15,1716,7,15,"StAB, A I 492, S. 84-87"
BER.01.001.3213,BER.01.001.3213.04144.0,1.3,Randgruppen,Fahrende Leute,Streifen; Landesverweisung,1716.08.17,,1716-08-17,1716,8,17,"StAB, A I 492, S. 89"
BER.01.001.3234,BER.01.001.3234.04171.0,1.3,Randgruppen,Fahrende Leute,Streifen; Bettelverbot; Pässe; Paßkontrolle; Landesverweisung; Kennzeichnung; Durchzug; Einreiseverbot; Brandmarkung; Aufsicht; Aufenthalt; Verbot; Arbeitszwang; Arbeitseinsatz; Gesellen; Hausierer; Krämer,1717.08.12,,1717-08-12,1717,8,12,"StAB, A I 492, S. 207 f. & 209-218"
BER.01.001.3234,BER.01.001.3234.04172.0,1.3,Randgruppen,Zigeuner,Arbeitseinsatz; Aufenthalt; Verbot; Bedingungen; Einschränkung; Einreiseverbot; Festnahme; Grenzkontrolle; Brandmarkung,1717.08.12,,1717-08-12,1717,8,12,"StAB, A I 492, S. 207 f. & 209-218"
BER.01.001.3258,BER.01.001.3258.04199.0,1.3,Randgruppen,Fahrende Leute,Streifen,1718.07.11,,1718-07-11,1718,7,11,"StAB, A I 492, S. 330 f."
BER.01.001.3265,BER.01.001.3265.04207.0,1.3,Randgruppen,Fahrende Leute,Pässe; Paßkontrolle,1718.11.11,,1718-11-11,1718,11,11,"StAB, A I 492, S. 343 f."
BER.01.001.3283,BER.01.001.3283.04227.0,1.3,Randgruppen,Fahrende Leute,Streifen; Landesverweisung,1719.05.13,,1719-05-13,1719,5,13,"StAB, A I 492, S. 461 f."
BER.01.001.3323,BER.01.001.3323.04277.0,1.3,Randgruppen,Fahrende Leute,Arbeitseinsatz; Arbeitszwang; Aufenthalt; Verbot; Aufsicht; Bettelverbot; Differenzierung; Fremde; Einheimische; Durchzug; Einreiseverbot; Festnahme; Grenzkontrolle; Landesverweisung; Legitimation; Streifen; Profosen,1720.06.27,,1720-06-27,1720,6,27,"StAB, A I 492, S. 586-590"
BER.01.001.3331,BER.01.001.3331.04289.0,1.3,Randgruppen,Fahrende Leute,Landesverweisung; Kennzeichnung; Krämer; Gesellen,1720.09.03,,1720-09-03,1720,9,3,"StAB, A I 492, S. 608-624"
BER.01.001.3352,BER.01.001.3352.04314.0,1.3,Randgruppen,Fahrende Leute,Landesverweisung; Festnahme,1721.06.17,,1721-06-17,1721,6,17,"StAB, A I 492, S. 695 f."
BER.01.001.3353,BER.01.001.3353.04315.0,1.3,Randgruppen,Fahrende Leute,Landesverweisung,1721.06.17,,1721-06-17,1721,6,17,"StAB, A I 492, S. 696 f."
BER.01.001.3373,BER.01.001.3373.04339.0,1.3,Randgruppen,Fahrende Leute,Streifen; Landesverweisung; Differenzierung; Fremde; Einheimische,1722.05.01,,1722-05-01,1722,5,1,"StAB, A I 492, S. 777 f."
BER.01.001.3406,BER.01.001.3406.04373.0,1.3,Randgruppen,Fahrende Leute,Streifen,1723.03.11,,1723-03-11,1723,3,11,"StAB, A I 493, S. 60 f."
BER.01.001.3420,BER.01.001.3420.04388.0,1.3,Randgruppen,Fahrende Leute,Festnahme,1723.07.22,,1723-07-22,1723,7,22,"StAB, A I 493, S. 116-118"
BER.01.001.3432,BER.01.001.3432.04402.0,1.3,Randgruppen,Fahrende Leute,Einreiseverbot; Bettelverbot; Landesverweisung; Kosten,1724.01.11,,1724-01-11,1724,1,11,"StAB, A I 493, S. 167 f."
BER.01.001.3434,BER.01.001.3434.04405.0,1.3,Randgruppen,Fahrende Leute,Streifen; Festnahme,1724.01.19,,1724-01-19,1724,1,19,"StAB, A I 493, S. 172 f."
BER.01.001.3436,BER.01.001.3436.04407.0,1.3,Randgruppen,Fahrende Leute,Einreiseverbot; Durchzug; Gesellen; Gartknechte,1724.02.07,,1724-02-07,1724,2,7,"StAB, A I 493, S. 174 f."
BER.01.001.3444,BER.01.001.3444.04415.0,1.3,Randgruppen,Fahrende Leute,Festnahme,1724.04.03,,1724-04-03,1724,4,3,"StAB, A I 493, S. 202 f."
BER.01.001.3449,BER.01.001.3449.04421.0,1.3,Randgruppen,Fahrende Leute,Streifen; Landesverweisung; Einreiseverbot; Festnahme,1724.07.10,,1724-07-10,1724,7,10,"StAB, A I 493, S. 225 f."
BER.01.001.3449,BER.01.001.3449.04421.1,1.3,Randgruppen,Zigeuner,Streifen; Landesverweisung; Einreiseverbot; Festnahme,1724.07.10,,1724-07-10,1724,7,10,"StAB, A I 493, S. 225 f."
BER.01.001.3467,BER.01.001.3467.04446.0,1.3,Randgruppen,Fahrende Leute,Streifen; Landesverweisung; Festnahme,1725.03.10,,1725-03-10,1725,3,10,"StAB, A I 493, S. 376 f."
BER.01.001.3466,BER.01.001.3466.04445.0,1.3,Randgruppen,Fahrende Leute,Festnahme; Aufsicht; Landesverweisung,1725.05.15,,1725-05-15,1725,5,15,"StAB, A I 493, S. 388-390"
BER.01.001.3470,BER.01.001.3470.04449.0,1.3,Randgruppen,Fahrende Leute,Streifen; Überprüfung Fremder; Landesverweisung; Aufsicht; Festnahme,1725.05.21,,1725-05-21,1725,5,21,"StAB, A I 493, S. 390-392"
BER.01.001.3477,BER.01.001.3477.04456.0,1.3,Randgruppen,Fahrende Leute,Aufsicht; Pässe; Streifen; Arbeitseinsatz; Arbeitszwang,1725.07.09,,1725-07-09,1725,7,9,"StAB, A I 493, S. 416-418"
BER.01.001.3478,BER.01.001.3478.04457.0,1.3,Randgruppen,Fahrende Leute,Durchzug,1725.08.09,,1725-08-09,1725,8,9,"StAB, A I 493, S. 419"
BER.01.001.3479,BER.01.001.3479.04458.0,1.3,Randgruppen,Fahrende Leute,Festnahme; Streifen; Landesverweisung; Arbeitseinsatz,1725.08.24,,1725-08-24,1725,8,24,"StAB, A I 493, S. 420-425"
BER.01.001.3480,BER.01.001.3480.04459.0,1.3,Randgruppen,Fahrende Leute,Streifen,1725.08.24,,1725-08-24,1725,8,24,"StAB, A I 493, S. 423-425"
BER.01.001.3490,BER.01.001.3490.04470.0,1.3,Randgruppen,Fahrende Leute,Grenzkontrolle; Aufsicht; Festnahme; Einreiseverbot,1726.01.22,,1726-01-22,1726,1,22,"StAB, A I 493, S. 461 f."
BER.01.001.3505,BER.01.001.3505.04488.0,1.3,Randgruppen,Fahrende Leute,Festnahme; Pässe; Arbeitszwang; Aufsicht,1726.05.03,,1726-05-03,1726,5,3,"StAB, A I 493, S. 497 f."
BER.01.001.3507,BER.01.001.3507.04490.0,1.3,Randgruppen,Fahrende Leute,Aufsicht; Pässe; Streifen,1726.05.09,,1726-05-09,1726,5,9,"StAB, A I 493, S. 513-515"
BER.01.001.3513,BER.01.001.3513.04497.0,1.3,Randgruppen,Zigeuner,Festnahme; Kennzeichnung; Landesverweisung; Streifen; Einreiseverbot,1726.08.08,,1726-08-08,1726,8,8,"StAB, A I 493, S. 526 f."
BER.01.001.3517,BER.01.001.3517.04501.0,1.3,Randgruppen,Fahrende Leute,Streifen; Festnahme; Arbeitseinsatz,1726.09.11,,1726-09-11,1726,9,11,"StAB, A I 493, S. 544-546"
BER.01.001.3523,BER.01.001.3523.04508.0,1.3,Randgruppen,Fahrende Leute,Pässe; Paßkontrolle,1726.12.03,,1726-12-03,1726,12,3,"StAB, A I 493, S. 567 f."
BER.01.001.3535,BER.01.001.3535.04522.0,1.3,Randgruppen,Fahrende Leute,Durchzug; Einreiseverbot; Grenzkontrolle; Gesellen; Pässe; Paßkontrolle,1727.05.28,,1727-05-28,1727,5,28,"StAB, A I 493, S. 614 f."
BER.01.001.3543,BER.01.001.3543.04530.0,1.3,Randgruppen,Fahrende Leute,Landesverweisung; Hausierer; Gesinde; Arbeitseinsatz; Arbeitszwang; Brandmarkung; Streifen; Grenzkontrolle; Bettelverbot; Pässe; Kennzeichnung; Legitimation; Überprüfung Fremder; Gesellen; Paßkontrolle; Festnahme; Einreiseverbot,1727.06.30,,1727-06-30,1727,6,30,"StAB, A I 493, S. 643-653"
BER.01.001.3543,BER.01.001.3543.04531.0,1.3,Randgruppen,Zigeuner,Kennzeichnung; Grenzkontrolle; Landesverweisung; Festnahme,1727.06.30,,1727-06-30,1727,6,30,"StAB, A I 493, S. 643-653"
BER.01.001.3546,BER.01.001.3546.04538.0,1.3,Randgruppen,Fahrende Leute,Bettelverbot; Streifen,1727.08.11,,1727-08-11,1727,8,11,"StAB, A I 493, S. 678-680"
BER.01.001.3568,BER.01.001.3568.04566.0,1.3,Randgruppen,Fahrende Leute,Landesverweisung; Pässe; Streifen,1728.06.17,,1728-06-17,1728,6,17,"StAB, A I 493, S. 854-856"
BER.01.001.3571,BER.01.001.3571.04569.0,1.3,Randgruppen,Fahrende Leute,Streifen; Landesverweisung; Arbeitseinsatz; Arbeitszwang,1728.08.24,,1728-08-24,1728,8,24,"StAB, A I 493, S. 879 f."
BER.01.001.3576,BER.01.001.3576.04576.0,1.3,Randgruppen,Fahrende Leute,Pässe; Streifen; Arbeitszwang; Arbeitseinsatz,1728.09.16,,1728-09-16,1728,9,16,"StAB, A I 493, S. 897 f."
BER.01.001.3601,BER.01.001.3601.04603.0,1.3,Randgruppen,Fahrende Leute,"Streifen; Festnahme; Differenzierung; Fremde; Einheimische; Arbeitseinsatz; Arbeitszwang; Bettelverbot; Landesverweisung,Nächste Streifenanordnung 1730, ab hier nicht mehr aufgenommen, wenn nur Streifen.",1729.07.25,,1729-07-25,1729,7,25,"StAB, A I 494, S. 8-10"
BER.01.001.3606,BER.01.001.3606.04609.0,1.3,Randgruppen,Fahrende Leute,Pässe; Landesverweisung; Differenzierung; Fremde; Einheimische; Arbeitseinsatz; Arbeitszwang; Streifen; Profosen,1729.12.09,,1729-12-09,1729,12,9,"StAB, A I 494, S. 33-35"
BER.01.001.3634,BER.01.001.3634.04638.0,1.3,Randgruppen,Fahrende Leute,Streifen; Aufsicht,1731.07.03,,1731-07-03,1731,7,3,"StAB, A I 494, S. 240-243"
BER.01.001.3640,BER.01.001.3640.04644.0,1.3,Randgruppen,Fahrende Leute,Festnahme; Überprüfung Fremder,1731.11.21,,1731-11-21,1731,11,21,"StAB, A I 494, S. 270-273"
BER.01.001.3641,BER.01.001.3641.04646.0,1.3,Randgruppen,Fahrende Leute,Streifen,1731.12.13,,1731-12-13,1731,12,13,"StAB, A I 494, S. 278 f."
BER.01.001.3643,BER.01.001.3643.04648.0,1.3,Randgruppen,Fahrende Leute,Bettelverbot; Landesverweisung; Gesellen,1732.02.19,,1732-02-19,1732,2,19,"StAB, A I 494, S. 306 f."
BER.01.001.3650,BER.01.001.3650.04656.0,1.3,Randgruppen,Fahrende Leute,Streifen,1732.05.27,,1732-05-27,1732,5,27,"StAB, A I 494, S. 341 f."
BER.01.001.3654,BER.01.001.3654.04660.0,1.3,Randgruppen,Fahrende Leute,Streifen,1732.10.30,,1732-10-30,1732,10,30,"StAB, A I 494, S. 371-373"
BER.01.001.3664,BER.01.001.3664.04670.0,1.3,Randgruppen,Fahrende Leute,Streifen,1733.04.03,,1733-04-03,1733,4,3,"StAB, A I 494, S. 461 f."
BER.01.001.3672,BER.01.001.3672.04678.0,1.3,Randgruppen,Fahrende Leute,Streifen,1733.08.28,,1733-08-28,1733,8,28,"StAB, A I 494, S. 529 f."
BER.01.001.3687,BER.01.001.3687.04694.0,1.3,Randgruppen,Fahrende Leute,Streifen; Gaststättenbesuch; Verbot,1734.04.21,,1734-04-21,1734,4,21,"StAB, A I 494, S. 605-607"
BER.01.001.3694,BER.01.001.3694.04701.0,1.3,Randgruppen,Fahrende Leute,Streifen,1734.11.10,,1734-11-10,1734,11,10,"StAB, A I 495, S. 13"
BER.01.001.3706,BER.01.001.3706.04714.0,1.3,Randgruppen,Fahrende Leute,Streifen,1735.03.17,,1735-03-17,1735,3,17,"StAB, A I 495, S. 70 f."
BER.01.001.3710,BER.01.001.3710.04719.0,1.3,Randgruppen,Fahrende Leute,Aufsicht; Landesverweisung,1735.03.31,,1735-03-31,1735,3,31,"StAB, A I 495, S. 83 f."
BER.01.001.3713,BER.01.001.3713.04722.0,1.3,Randgruppen,Fahrende Leute,Unterhaltungskünstler; Spielleute; Musiker; Narren; Reimsprecher; Tänzerinnen; Landesverweisung,1735.08.30,,1735-08-30,1735,8,30,"StAB, A I 495, S. 102 f."
BER.01.001.3717,BER.01.001.3717.04726.0,1.3,Randgruppen,Fahrende Leute,Streifen,1735.11.10,,1735-11-10,1735,11,10,"StAB, A I 495, S. 113"
BER.01.001.3723,BER.01.001.3723.04732.0,1.3,Randgruppen,Fahrende Leute,Aufsicht; Bettelverbot,1736.03.10,,1736-03-10,1736,3,10,"StAB, A I 495, S. 144 f."
BER.01.001.3726,BER.01.001.3726.04735.0,1.3,Randgruppen,Fahrende Leute,Streifen,1736.05.04,,1736-05-04,1736,5,4,"StAB, A I 495, S. 156"
BER.01.001.3732,BER.01.001.3732.04742.0,1.3,Randgruppen,Fahrende Leute,Streifen,1736.12.13,,1736-12-13,1736,12,13,"StAB, A I 495, S. 192 f."
BER.01.001.3741,BER.01.001.3741.04754.0,1.3,Randgruppen,Fahrende Leute,Streifen,1737.08.21,,1737-08-21,1737,8,21,"StAB, A I 495, S. 245"
BER.01.001.3745,BER.01.001.3745.04758.0,1.3,Randgruppen,Fahrende Leute,Bettelverbot; Durchzug; Grenzkontrolle,1738.04.10,,1738-04-10,1738,4,10,"StAB, A I 495, S. 290 f."
BER.01.001.3747,BER.01.001.3747.04762.0,1.3,Randgruppen,Fahrende Leute,Einreiseverbot; Grenzkontrolle; Landesverweisung,1738.04.10,,1738-04-10,1738,4,10,"StAB, A I 495, S. 293 f."
BER.01.001.3750,BER.01.001.3750.04766.0,1.3,Randgruppen,Fahrende Leute,Bettelfuhren; Pässe; Paßkontrolle; Streifen; Aufsicht,1738.08.22,,1738-08-22,1738,8,22,"StAB, A I 495, S. 308-311"
BER.01.001.3754,BER.01.001.3754.04775.0,1.3,Randgruppen,Fahrende Leute,Pässe; Landesverweisung,1738.09.19,,1738-09-19,1738,9,19,"StAB, A I 495, S. 334-336"
BER.01.001.3755,BER.01.001.3755.04776.0,1.3,Randgruppen,Fahrende Leute,Landesverweisung; Pässe,1738.10.06,,1738-10-06,1738,10,6,"StAB, A I 495, S. 340 f."
BER.01.001.3764,BER.01.001.3764.04788.0,1.3,Randgruppen,Fahrende Leute,Grenzkontrolle,1739.01.05,,1739-01-05,1739,1,5,"StAB, A I 495, S. 380-391"
BER.01.001.3763,BER.01.001.3763.04785.0,1.3,Randgruppen,Fahrende Leute,Bettelfuhren; Aufsicht; Einreiseverbot; Grenzkontrolle; Pässe,1739.01.27,,1739-01-27,1739,1,27,"StAB, A I 495, S. 377-379"
BER.01.001.3778,BER.01.001.3778.04817.0,1.3,Randgruppen,Fahrende Leute,Streifen,1739.06.29,,1739-06-29,1739,6,29,"StAB, A I 496, S. 14 f."
BER.01.001.3791,BER.01.001.3791.04830.0,1.3,Randgruppen,Fahrende Leute,Streifen,1740.03.17,,1740-03-17,1740,3,17,"StAB, A I 496, S. 101 f."
BER.01.001.3800,BER.01.001.3800.04842.0,1.3,Randgruppen,Fahrende Leute,Streifen,1740.07.07,,1740-07-07,1740,7,7,"StAB, A I 496, S. 136 f."
BER.01.001.3823,BER.01.001.3823.04868.0,1.3,Randgruppen,Fahrende Leute,Streifen,1741.07.14,,1741-07-14,1741,7,14,"StAB, A I 496, S. 270"
BER.01.001.3827,BER.01.001.3827.04872.0,1.3,Randgruppen,Fahrende Leute,Streifen; Festnahme; Aufsicht; Pässe,1741.09.18,,1741-09-18,1741,9,18,"StAB, A I 496, S. 287-290"
BER.01.001.3829,BER.01.001.3829.04874.0,1.3,Randgruppen,Fahrende Leute,"Aufsicht,,,Anordnung für weitere Verkündigung: StAB A I 497, S. 183f. u. 197f., dort jedoch mit Bezug auf das Datum 18.12.1741, gemeint ist wohl jedoch diese Verordnung.,,,)",1741.10.19,,1741-10-19,1741,10,19,"StAB, A I 496, S. 302 f."
BER.01.001.3835,BER.01.001.3835.04880.0,1.3,Randgruppen,Fahrende Leute,Aufsicht,1742.02.21,,1742-02-21,1742,2,21,"StAB, A I 496, S. 344-346"
BER.01.001.3845,BER.01.001.3845.04895.0,1.3,Randgruppen,Fahrende Leute,Aufenthalt; Verbot; Brandmarkung; Durchzug; Einreiseverbot; Festnahme; Gesellen; Gesinde; Grenzkontrolle; Hausierer; Kennzeichnung; Krämer; Landesverweisung; Legitimation; Pässe; Beherbergung Fremder; Beherbergungsverbot; Streifen,1742.04.25,,1742-04-25,1742,4,25,"StAB, A I 496, S. 404-413"
BER.01.001.3845,BER.01.001.3845.04898.0,1.3,Randgruppen,Zigeuner,Kennzeichnung; Grenzkontrolle; Festnahme; Einreiseverbot; Brandmarkung; Aufenthalt; Verbot; Streifen; Kinder,1742.04.25,,1742-04-25,1742,4,25,"StAB, A I 496, S. 404-413"
BER.01.001.4038,BER.01.001.4038.05162.0,1.3,Randgruppen,Fahrende Leute,Streifen,1754.05.24,,1754-05-24,1754,5,24,"StAB, A I 498, S. 523 f."
BER.01.001.4045,BER.01.001.4045.05169.0,1.3,Randgruppen,Fahrende Leute,Bettelverbot; Streifen; Landesverweisung,1754.09.19,,1754-09-19,1754,9,19,"StAB, A I 498, S. 573 f."
BER.01.001.4153,BER.01.001.4153.05305.0,1.3,Randgruppen,Fahrende Leute,"Hausierer; Krämer; Landesverweisung; Beherbergung Fremder; Beherbergungsverbot,,,Anordnung für Aufsicht: StAB A I 507, S. 607, 08.02.1782.,,,",1761.05.27,,1761-05-27,1761,5,27,"StAB, A I 500, S. 247 f.& 253-255"
BER.01.001.4194,BER.01.001.4194.05377.0,1.3,Randgruppen,Fahrende Leute,Sicherungsdienste; Grenzkontrolle,1764.02.14,,1764-02-14,1764,2,14,"StAB, A I 501, S. 275"
BER.01.001.4195,BER.01.001.4195.05380.0,1.3,Randgruppen,Fahrende Leute,Sicherungsdienste; Grenzkontrolle; Landesverweisung,1764.02.21,,1764-02-21,1764,2,21,"StAB, A I 501, S. 279 f."
BER.01.001.4201,BER.01.001.4201.05386.0,1.3,Randgruppen,Fahrende Leute,Grenzkontrolle; Landesverweisung,1764.03.31,,1764-03-31,1764,3,31,"StAB, A I 501, S. 293 f."
BER.01.001.4220,BER.01.001.4220.05406.0,1.3,Randgruppen,Fahrende Leute,"Pässe; Paßkontrolle; Landesverweisung; Streifen,,,Erläuterung S. 378f.: 01.10.1764, Verordnung an Grandson u. St. Johannsen gleicher Betreff u. gleiches Datum, S. 380f.,,,",1764.09.20,,1764-09-20,1764,9,20,"StAB, A I 501, S. 372"
BER.01.001.4244,BER.01.001.4244.05433.0,1.3,Randgruppen,Fahrende Leute,Festnahme; Grenzkontrolle; Pässe; Paßkontrolle; Landesverweisung; Überprüfung Fremder; Durchzug,1765.12.03,,1765-12-03,1765,12,3,"StAB, A I 501, S. 553"
BER.01.001.4248,BER.01.001.4248.05440.0,1.3,Randgruppen,Fahrende Leute,Streifen,1766.05.20,,1766-05-20,1766,5,20,"StAB, A I 501, S. 683"
BER.01.001.4350,BER.01.001.4350.05562.0,1.3,Randgruppen,Fahrende Leute,"Landesverweisung; Einreiseverbot; Festnahme,,,Verschiedene Verordnungen an einzelne Ämter.,,,)",1768.12.21,,1768-12-21,1768,12,21,"StAB, A I 503, S. 48"
BER.01.001.4352,BER.01.001.4352.05564.0,1.3,Randgruppen,Fahrende Leute,"Grenzkontrolle; Landesverweisung; Festnahme; Einreiseverbot; Streifen,,,Verschiedene Verordnungen an einzelne Ämter.,,,)",1768.12.21,,1768-12-21,1768,12,21,"StAB, A I 503, S. 52-59"
BER.01.001.4374,BER.01.001.4374.05587.0,1.3,Randgruppen,Fahrende Leute,Streifen; Grenzkontrolle; Einreiseverbot,1770.04.28,,1770-04-28,1770,4,28,"StAB, A I 503, S. 357 f."
BER.01.001.4375,BER.01.001.4375.05588.0,1.3,Randgruppen,Fahrende Leute,Grenzkontrolle; Gesellen; Einreiseverbot; Durchzug; Pässe; Paßkontrolle; Nachbarabrede; Begünstigung; Nachbarorte; Ausland,1770.04.28,,1770-04-28,1770,4,28,"StAB, A I 503, S. 358-363"
BER.01.001.4301,BER.01.001.4301.05507.0,1.3,Randgruppen,Fahrende Leute,Einreiseverbot; Festnahme; Grenzkontrolle; Landesverweisung,1771.03.07,,1771-03-07,1771,3,7,"StAB, A I 504, S. 115 f."
BER.01.001.4408,BER.01.001.4408.05645.0,1.3,Randgruppen,Juden,Arbeitsbedingungen,1773.08.21,,1773-08-21,1773,8,21,"StAB, A I 505, S. 508-514"
BER.01.001.4413,BER.01.001.4413.05646.0,1.3,Randgruppen,Fahrende Leute,Einreiseverbot; Grenzkontrolle; Pässe; Paßkontrolle; Streifen; Überprüfung Fremder; Durchzug,1773.10.18,,1773-10-18,1773,10,18,"StAB, A I 505, S. 573-575"
BER.01.001.4432,BER.01.001.4432.05668.0,1.3,Randgruppen,Fahrende Leute,Grenzkontrolle; Streifen; Überprüfung Fremder; Pässe; Paßkontrolle; Landesverweisung; Durchzug; Festnahme; Einreiseverbot; Gesellen,1774.10.11,,1774-10-11,1774,10,11,"StAB, A I 506, S. 302-309"
BER.01.001.4456,BER.01.001.4456.05697.0,1.3,Randgruppen,Fahrende Leute,Hausierer; Juden,1777.12.09,,1777-12-09,1777,12,9,"StAB, A I 507, S. 51-56"
BER.01.001.4456,BER.01.001.4456.05696.0,1.3,Randgruppen,Juden,Aufenthalt; Bedingungen; Einschränkung,1777.12.09,,1777-12-09,1777,12,9,"StAB, A I 507, S. 51-56"
BER.01.001.4471,BER.01.001.4471.05716.0,1.3,Randgruppen,Fahrende Leute,Aufsicht; Streifen,1779.02.13,,1779-02-13,1779,2,13,"StAB, A I 507, S. 191 f."
BER.01.001.4501,BER.01.001.4501.05753.0,1.3,Randgruppen,Juden,Aufenthalt; Verbot; Bedingungen; Einschränkung,1781.05.03,,1781-05-03,1781,5,3,"StAB, A I 507, S. 545-553"
BER.01.001.4500,BER.01.001.4500.05751.0,1.3,Randgruppen,Fahrende Leute,Aufsicht,1781.05.23,,1781-05-23,1781,5,23,"StAB, A I 507, S. 540-543"
BER.01.001.4506,BER.01.001.4506.05760.0,1.3,Randgruppen,Fahrende Leute,Aufenthalt; Verbot; Landesverweisung,1782.02.19,,1782-02-19,1782,2,19,"StAB, A I 507, S. 599 f."
BER.01.001.4570,BER.01.001.4570.05835.0,1.3,Randgruppen,Juden,Arbeitsbedingungen,1785.05.21,,1785-05-21,1785,5,21,"StAB, A I 508, S. 311-317"
BER.01.001.4577,BER.01.001.4577.05846.0,1.3,Randgruppen,Fahrende Leute,Streifen; Pässe; Paßkontrolle; Landesverweisung; Grenzkontrolle; Einreiseverbot; Beherbergung Fremder; Beherbergungsverbot; Aufsicht,1785.10.06,,1785-10-06,1785,10,6,"StAB, A I 508, S. 376-378"
BER.01.001.4578,BER.01.001.4578.05848.0,1.3,Randgruppen,Fahrende Leute,Aufenthalt; Verbot; Bedingungen; Einschränkung; Landesverweisung; Paßkontrolle; Pässe; Gesellen,1785.10.06,,1785-10-06,1785,10,6,"StAB, A I 508, S. 378 f."
BER.01.001.4614,BER.01.001.4614.05907.0,1.3,Randgruppen,Fahrende Leute,"Pässe; Paßkontrolle; Grenzkontrolle; Gesellen; Landesverweisung; Legitimation; Differenzierung; Fremde; Einheimische,,,Anordnung für Einhaltung StAB A I 509, S. 619f.: 09.05.1789.,,,)",1787.08.06,,1787-08-06,1787,8,6,"StAB, A I 509, S. 288-290"
BER.01.001.4632,BER.01.001.4632.05927.0,1.3,Randgruppen,Juden,Aufenthalt; Verbot; Bedingungen; Einschränkung,1788.08.15,,1788-08-15,1788,8,15,"StAB, A I 509, S. 422-424"
BER.01.001.4682,BER.01.001.4682.05989.0,1.3,Randgruppen,Fahrende Leute,Landesverweisung; Nachbarabrede; Begünstigung; Nachbarorte; Ausland,1791.05.04,,1791-05-04,1791,5,4,"StAB, A I 510, S. 467 f."
BER.01.001.4705,BER.01.001.4705.06023.0,1.3,Randgruppen,Fahrende Leute,Deserteure,1793.01.07,,1793-01-07,1793,1,7,"StAB, A I 511, S. 194 f."
BER.01.001.4732,BER.01.001.4732.06054.0,1.3,Randgruppen,Fahrende Leute,Aufenthalt; Verbot; Bedingungen; Einschränkung; Bettelverbot; Differenzierung; Fremde; Einheimische; Einreiseverbot; Festnahme; Grenzkontrolle; Landesverweisung; Legitimation; Streifen; Überprüfung Fremder,1793.09.23,,1793-09-23,1793,9,23,"StAB, A I 511, S. 391-419"
BER.01.001.4733,BER.01.001.4733.06055.0,1.3,Randgruppen,Fahrende Leute,Überprüfung Fremder; Paßkontrolle; Landesverweisung; Grenzkontrolle; Festnahme; Einreiseverbot; Differenzierung; Fremde; Einheimische; Bettelverbot; Beherbergung Fremder; Beherbergungsverbot; Aufsicht; Aufenthalt; Verbot; Bedingungen; Einschränkung,1793.09.30,,1793-09-30,1793,9,30,"StAB, A I 511, S. 420-426"
BER.01.001.4767,BER.01.001.4767.06095.0,1.3,Randgruppen,Fahrende Leute,Überprüfung Fremder; Pässe; Paßkontrolle; Einreiseverbot; Landesverweisung; Legitimation,1794.08.18,,1794-08-18,1794,8,18,"StAB, A I 512, S. 487 f."
BER.01.001.4822,BER.01.001.4822.06161.0,1.3,Randgruppen,Fahrende Leute,Pässe; Paßkontrolle; Einreiseverbot; Grenzkontrolle,1795.06.25,,1795-06-25,1795,6,25,"StAB, A I 513, S. 147 f."
BER.01.001.4803,BER.01.001.4803.06140.0,1.3,Randgruppen,Fahrende Leute,"Pässe; Paßkontrolle; Durchzug; Streifen; Beherbergung Fremder; Beherbergungsverbot; Grenzkontrolle; Überprüfung Fremder,,,Abänderung S. 438-440: 10.10.1796.,,,)",1796.02.17,,1796-02-17,1796,2,17,"StAB, A I 513, S. 272-277"
BER.01.001.4805,BER.01.001.4805.06142.0,1.3,Randgruppen,Fahrende Leute,Beherbergung Fremder; Beherbergungsverbot; Durchzug; Pässe; Paßkontrolle; Streifen; Überprüfung Fremder,1796.03.10,,1796-03-10,1796,3,10,"StAB, A I 513, S. 279-283"
BER.01.001.4823,BER.01.001.4823.06164.0,1.3,Randgruppen,Fahrende Leute,Pässe; Paßkontrolle,1796.12.26,,1796-12-26,1796,12,26,"StAB, A I 513, S. 456-458"
BER.01.001.4821,BER.01.001.4821.06160.0,1.3,Randgruppen,Fahrende Leute,Pässe; Paßkontrolle; Landesverweisung; Grenzkontrolle; Überprüfung Fremder,1797.02.21,,1797-02-21,1797,2,21,"StAB, A I 513, S. 476-479"
